brand,model,gauge,color,type
Alien,Black Diamond,16,Black,Polyester
Ashaway,MonoGut,17,Natural,Polyester
Ashaway,MonoGut,16L,Natural,Polyester
Babolat,RPM Blast Rough,17,Natural,Polyester
Babolat,RPM Blast Rough,16,Natural,Polyester
Babolat,RPM Blast,15L (1.35),Natural,Polyester
Babolat,RPM Blast Rough,15L,Natural,Polyester
Babolat,RPM Blast Orange,16 (1.30),Orange,Polyester
Babolat,Pro Hurricane Tour,17,Natural,Polyester
Babolat,Pro Hurricane Tour,16,Natural,Polyester
Babolat,RPM Blast,18 (1.20),Natural,Polyester
Babolat,Ballistic Polymono,16,Natural,Polyester
Babolat,Hurricane Feel,16,Natural,Polyester
Babolat,RPM Blast 17/,1.25,Natural,Polyester
Babolat,RPM Dual,16,Natural,Polyester
Babolat,RPM Blast,16,Natural,Polyester
Babolat,Hurricane Feel,17,Natural,Polyester
Babolat,RPM Team 16 Black,N/A,Black,Polyester
Babolat,Pro Hurricane,18,Natural,Polyester
Babolat,Pro Hurricane,17,Natural,Polyester
Babolat,Revenge,16,Natural,Polyester
Babolat,Revenge,17,Natural,Polyester
Babolat,Pro Hurricane,16,Natural,Polyester
Babolat,Duralast,17,Natural,Polyester
Babolat,Duralast,16,Natural,Polyester
Boris,Becker Bomber NYC,17 (1.23),Natural,Polyester
Boris,Becker Bomber NYC,16 (1.28),Natural,Polyester
Boris,Becker Bomber,16,Natural,Polyester
Boris,Becker Bomber,17,Natural,Polyester
Diadem,Elite XT,17,Natural,Polyester
Diadem,Elite XT,16,Natural,Polyester
Diadem,Solstice Power,17 (1.20),Natural,Polyester
Diadem,Solstice Power,16 (1.30),Natural,Polyester
Diadem,Solstice Power,16L (1.25),Natural,Polyester
Diadem,Solstice Pro,16L (1.25),Natural,Polyester
Diadem,Solstice Pro,15L (1.35),Natural,Polyester
Diadem,Solstice Power,15L (1.35),Natural,Polyester
Diadem,Solstice Blace,17 (1.20),Natural,Polyester
Diadem,Solstice Pro,16L (1.25),Natural,Polyester
Double AR,Diablo,-1.31,Natural,Polyester
Double AR,Diablo,-1.24,Natural,Polyester
Double AR,WTS,25 (1.25),Natural,Polyester
Double AR,Twice Dragon,-1.3,Natural,Polyester
Double AR,Twice Shark,-1.25,Natural,Polyester
Double AR,Raptor,1.27,Natural,Polyester
Dunlop,Black Widow,18 (1.21),Black,Polyester
Dunlop,Ice,16 (1.30),Natural,Polyester
Dunlop,Black Widow,17,Black,Polyester
Dunlop,Black Widow,16,Black,Polyester
Dunlop,Explosive,17 (1.26),Natural,Polyester
Dunlop,Explosive,18 (1.20),Natural,Polyester
Dunlop,Ice,17 (1.25),Natural,Polyester
Dunlop,Explosive,16,Natural,Polyester
Dunlop,Comfort Poly,17,Natural,Polyester
Dunlop,Juice,17 (1.26),Natural,Polyester
Dunlop,Juice,16 (1.31),Natural,Polyester
Dunlop,Explosive Speed,17 (1.25),Natural,Polyester
Dunlop,Explosive Bite,17 (1.27),Natural,Polyester
Dunlop,Explosive Tour,16 (1.30),Natural,Polyester
Gamma,Ocho,17 (1.25),Natural,Polyester
Gamma,Moto Soft,17 (1.24),Natural,Polyester
Gamma,Ocho,16 (1.30),Natural,Polyester
Gamma,Jet,16L (1.28),Natural,Polyester
Gamma,Moto Soft,16 (1.29),Natural,Polyester
Gamma,IO,18 (1.18),Natural,Polyester
Gamma,Moto,17 (1.24),Natural,Polyester
Gamma,IO Soft,15L (1.40),Natural,Polyester
Gamma,Zo Tour Rough,16,Natural,Polyester
Gamma,IO Soft,16 (1.28),Natural,Polyester
Gamma,Zo Verve,17,Natural,Polyester
Gamma,IO Soft,17 (1.23),Natural,Polyester
Gamma,Zo Verve,16 (1.32),Natural,Polyester
Gamma,Moto,16,Natural,Polyester
Gamma,IO,17 (1.23),Natural,Polyester
Gamma,Poly Z,16,Natural,Polyester
Gamma,Zo Dart,17 (1.25),Natural,Polyester
Gamma,RZR Rx,17,Natural,Polyester
Gamma,Zo Twist,16,Natural,Polyester
Gamma,Zo Ice,16,Natural,Polyester
Gamma,Zo Magic,16,Natural,Polyester
Gamma,Zo Black Ice,18 (1.18),Black,Polyester
Gamma,RZR Rx,16,Natural,Polyester
Gamma,Monoblast,16,Natural,Polyester
Gamma,Zo Tour,17 (1.25),Natural,Polyester
Gamma,Zo Black Ice,17 (1.23),Black,Polyester
Gamma,Zo Power,16L,Natural,Polyester
Genesis,Black Magic,16 (1.29),Black,Polyester
Gosen,Lumina Spin,16L (1.26),Natural,Polyester
Gosen,Polylon Premium,16 (1.32),Natural,Polyester
Gosen,Poly Professional,17 (1.24),Natural,Polyester
Gosen,Polylon Comfort,16,Natural,Polyester
Gosen,Polylon Premium,16L (1.27),Natural,Polyester
Gosen,Poly Professional,16 (1.29),Natural,Polyester
Gosen,G-Tour,16 (1.30),Natural,Polyester
Gosen,Polymaster II,16,Natural,Polyester
Gosen,Polylon PolyBreak,18 (1.20),Natural,Polyester
Gosen,Polymaster I,16,Natural,Polyester
Gosen,Sidewinder,17,Natural,Polyester
Gosen,Polylon SP,17 (1.24),Natural,Polyester
Gosen,Polylon,17 (1.24),Natural,Polyester
Gosen,Polylon PolyBreak,17 (1.24),Natural,Polyester
Gosen,Polylon,16,Natural,Polyester
Gosen,Polylon SP,16 (1.30),Natural,Polyester
Gosen,Sidewinder,16 (1.31),Natural,Polyester
Grapplesnake,Tour M8,17 (1.25),Natural,Polyester
Grapplesnake,Alpha,17 (1.25),Natural,Polyester
Grapplesnake,Tour Sniper,1.25,Natural,Polyester
Head,Hawk Power,17 (1.25),Natural,Polyester
Head,Lynx Tour,17 (1.25),Natural,Polyester
Head,Lynx,16 (1.30),Natural,Polyester
Head,Hawk,16 (1.30),Natural,Polyester
Head,Hawk,18 (1.20),Natural,Polyester
Head,Lynx,18 (1.20),Natural,Polyester
Head,Lynx Touch,16g (1.30),Natural,Polyester
Head,Lynx Tour,16 (1.30),Natural,Polyester
Head,Lynx,17 (1.25),Natural,Polyester
Head,Hawk Touch,18 (1.20),Natural,Polyester
Head,Hawk Rough,17,Natural,Polyester
Head,Hawk Touch,19 (1.15),Natural,Polyester
Head,Sonic Pro Edge,16,Natural,Polyester
Head,Hawk,17 (1.25),Natural,Polyester
Head,Ultra Tour,16,Natural,Polyester
Head,Sonic Pro,16,Natural,Polyester
Head,Ultratour,17,Natural,Polyester
Head,Sonic Pro,17,Natural,Polyester
IsoSpeed,Pyramid,16,Natural,Polyester
IsoSpeed,Black Fire,17,Black,Polyester
IsoSpeed,V18,19 (1.12),Natural,Polyester
IsoSpeed,Pulse,16,Natural,Polyester
IsoSpeed,Axon Mono,16L,Natural,Polyester
IsoSpeed,Pulse,17,Natural,Polyester
IsoSpeed,Cream,17 (1.28),Natural,Polyester
Kirschbaum,Spiky Shark,16,Natural,Polyester
Kirschbaum,Spiky Shark,17,Natural,Polyester
Kirschbaum,Xplosive Speed,1.25,Natural,Polyester
Kirschbaum,Max Power Rough,18 (1.20),Natural,Polyester
Kirschbaum,Max Power,18 (1.20),Natural,Polyester
Kirschbaum,Max Power Rough,16 (1.30),Natural,Polyester
Kirschbaum,Max Power,16 (1.30),Natural,Polyester
Kirschbaum,Black Shark,17 (1.25),Black,Polyester
Kirschbaum,Super Smash,17 (1.25),Natural,Polyester
Kirschbaum,Pro Line II,1.3,Natural,Polyester
Kirschbaum,Xplosive Speed,1.3,Natural,Polyester
Kirschbaum,Max Power Rough,17 (1.25),Natural,Polyester
Kirschbaum,Helix,17,Natural,Polyester
Kirschbaum,Touch Turbo 16L (1.275),N/A,Natural,Polyester
Kirschbaum,Black Shark,16 (1.30),Black,Polyester
Kirschbaum,Max Power,17 (1.25),Natural,Polyester
Kirschbaum,Helix,16,Natural,Polyester
Kirschbaum,Super Smash 16/,1.3,Natural,Polyester
Kirschbaum,Touch Turbo,1.3,Natural,Polyester
Kirschbaum,Super Smash Spiky,17 (1.25),Natural,Polyester
Kirschbaum,Touch Turbo,17 (1.25),Natural,Polyester
Kirschbaum,P2 16/,1.3,Natural,Polyester
Kirschbaum,Super Smash Spiky,1.2,Natural,Polyester
Kirschbaum,Pro Line X,16 (1.30),Natural,Polyester
Kirschbaum,Super Smash Spiky 16/,1.3,Natural,Polyester
Kirschbaum,P2,17 (1.25),Natural,Polyester
Kirschbaum,Competition 16/,1.3,Natural,Polyester
Kirschbaum,Pro Line Evolution,17 (1.25),Natural,Polyester
Kirschbaum,Pro Line X,17 (1.25),Natural,Polyester
Kirschbaum,P2,17L (1.20),Natural,Polyester
Kirschbaum,Pro Line II,17L (1.20),Natural,Polyester
Kirschbaum,Pro Line II,17 (1.25),Natural,Polyester
Kirschbaum,Long Life,15,Natural,Polyester
Kirschbaum,Pro Line II,18 (1.15),Natural,Polyester
Kirschbaum,Competition,17 (1.25),Natural,Polyester
Kirschbaum,Pro Line I,1.3,Natural,Polyester
Kirschbaum,Pro Line I,18L (1.15),Natural,Polyester
Kirschbaum,Pro Line I,17 (1.25),Natural,Polyester
Kirschbaum,Competition,17L (1.20),Natural,Polyester
Kirschbaum,Pro Line I,17L (1.20),Natural,Polyester
Kirschbaum,Flash,16 (1.30),Natural,Polyester
Klip,K-Boom,18 (1.20),Natural,Polyester
Klip,Hardcore 16/,1.3,Natural,Polyester
Klip,K-Boom 16/,1.3,Natural,Polyester
L-Tec,Premium 4S,16L (1.25),Natural,Polyester
L-Tec,Premium Pro OS,16L,Natural,Polyester
L-Tec,Premium OS,17 (1.23),Natural,Polyester
L-Tec,Premium 5S,16L (1.25),Natural,Polyester
L-Tec,Premium 3S,16L (1.25),Natural,Polyester
LaserFibre,Vorso,16 (1.28),Natural,Polyester
LaserFibre,Vorso,17 (1.23),Natural,Polyester
LaserFibre,Native Tour,17 (1.25),Natural,Polyester
LaserFibre,JB Tour 100,17g (1.25),Natural,Polyester
Leopard,Plus Control,16,Natural,Polyester
Luxilon,ECO Power,17 (1.25),Natural,Polyester
Luxilon,Element Rough,16 (1.30),Natural,Polyester
Luxilon,Element Soft IR,1.27,Natural,Polyester
Luxilon,Alu Power Soft,1.25,Natural,Polyester
Luxilon,LXN Smart,16L (1.25),Natural,Polyester
Luxilon,4G Soft,1.25,Natural,Polyester
Luxilon,Element,1.3,Natural,Polyester
Luxilon,ALU Power Rough,16L (1.25),Natural,Polyester
Luxilon,ALU Power 125/,16L,Natural,Polyester
Luxilon,Element,16L (1.25),Natural,Polyester
Luxilon,ALU Power Feel 18/,1.2,Natural,Polyester
Luxilon,ECO Spin,17 (1.25),Natural,Polyester
Luxilon,Alu Power Vibe,16 (1.25),Natural,Polyester
Luxilon,Big Banger Original 130/,16,Natural,Polyester
Luxilon,Monotec Zolo,15L,Natural,Polyester
Luxilon,Big Banger Rough 130/,16,Natural,Polyester
Luxilon,Big Banger TiMO,17L (1.17),Natural,Polyester
Luxilon,Big Banger ALU Power Spin 127/,16,Natural,Polyester
Luxilon,4G Rough,16L,Natural,Polyester
Luxilon,Big Banger XP 125/,16L,Natural,Polyester
Luxilon,Big Banger Ace,18 (1.12),Natural,Polyester
Luxilon,4G,16L (1.25),Natural,Polyester
Luxilon,Big Banger Timo,17 (1.22),Natural,Polyester
Luxilon,Adrenaline,16,Natural,Polyester
Luxilon,M2 Pro 125/,16,Natural,Polyester
Luxilon,Big Banger XP,15L (1.38),Natural,Polyester
Luxilon,Big Banger Timo,18 (1.10),Natural,Polyester
Luxilon,Adrenaline 16L/,1.25,Natural,Polyester
Luxilon,Savage 16/,1.27,Natural,Polyester
Luxilon,Adrenaline Rough 16L/,1.25,Natural,Polyester
Luxilon,Monotec Super Poly 1.25/,16L,Natural,Polyester
Luxilon,Adrenaline 17/,1.2,Natural,Polyester
Luxilon,Monotec Supersense 16L/,1.25,Natural,Polyester
Luxilon,LXN Smart,16 (1.30),Natural,Polyester
Luxilon,Monotec Zolo 125/,16,Natural,Polyester
Luxilon,M2 Plus 130/,16,Natural,Polyester
Luxilon,4G S,15,Natural,Polyester
Luxilon,Big Banger ALU Power Fluoro,17,Natural,Polyester
Luxilon,4G,16 (1.30),Natural,Polyester
Mantis,Comfort Poly,16,Natural,Polyester
Mantis,Power Poly,17,Natural,Polyester
MSV,Focus-Hex,16 (1.27),Natural,Polyester
MSV,Focus-Hex +38,16L (1.25),Natural,Polyester
MSV,Focus-Hex,16 (1.23),Natural,Polyester
MSV,Focus Hex Soft,17L (1.20),Natural,Polyester
MSV,Co-Focus,17L (1.18),Natural,Polyester
MSV,Focus Hex,17L (1.18),Natural,Polyester
MSV,Focus Hex Soft,17 (1.25),Natural,Polyester
MSV,Hepta-Twist,17,Natural,Polyester
MSV,Focus Evo,16,Natural,Polyester
MSV,Focus Evo,17,Natural,Polyester
MSV,Co.-Focus,16L,Natural,Polyester
MSV,Hepta-Twist,16,Natural,Polyester
One,Strings Carbon NRG,16,Natural,Polyester
One,Strings Carbon Tour,17 (1.25),Natural,Polyester
Pacific,Poly Power Pro,16 (1.30),Natural,Polyester
Pacific,XCite,16 (1.30),Natural,Polyester
Pacific,XCite,16L (1.25),Natural,Polyester
Pacific,Poly Power Pro,16L (1.25),Natural,Polyester
Pacific,Poly Force Xtreme,16L,Natural,Polyester
Pacific,ATP Poly Power Pro,16L,Natural,Polyester
Pacific,X Force,18,Natural,Polyester
Pacific,X Force,17,Natural,Polyester
Pacific,Poly Force,17,Natural,Polyester
Pacific,Poly Force,16L,Natural,Polyester
Pacific,X Force,16L (1.29),Natural,Polyester
Poly,Star Turbo,16 (1.30),Natural,Polyester
Poly,Star Strike,16 (1.30),Natural,Polyester
Poly,Star Turbo,16L (1.25),Natural,Polyester
Poly,Star Strike,16L (1.25),Natural,Polyester
Poly,Star Classic,16L (1.25),Natural,Polyester
Poly,Star Classic,16 (1.30),Natural,Polyester
Poly,Star Energy,16 (1.30),Natural,Polyester
Poly,Star Energy,17 (1.20),Natural,Polyester
Poly,Star Classic,17 (1.20),Natural,Polyester
Poly,Star Energy,16L (1.25),Natural,Polyester
Polyfibre,Black Venom Rough,16L (1.25),Black,Polyester
Polyfibre,Panthera,16 (1.30),Natural,Polyester
Polyfibre,Hexablade,17L (1.18),Natural,Polyester
Polyfibre,Hexablade,16L (1.25),Natural,Polyester
Polyfibre,Hightec Premium,16L,Natural,Polyester
Polyfibre,TCS 16/,1.3,Natural,Polyester
Polyfibre,Poly Hightec,16L,Natural,Polyester
Polyfibre,Black Venom,16 (1.30),Black,Polyester
Polyfibre,TCS Rapid 16L/,1.25,Natural,Polyester
Polyfibre,TCS,17,Natural,Polyester
Polyfibre,Hightec Premium 16/,1.3,Natural,Polyester
Polyfibre,Poly Hightec 16/,1.3,Natural,Polyester
Polyfibre,Poly Hightec,17,Natural,Polyester
Polyfibre,Poly Hightec,18,Natural,Polyester
Polyfibre,Viper 17/,1.2,Natural,Polyester
Polyfibre,Hightec Premium,17,Natural,Polyester
Polyfibre,TCS,16L,Natural,Polyester
Polyfibre,Cobra 17/,1.2,Natural,Polyester
Polyfibre,TCS,18 (1.15),Natural,Polyester
Polyfibre,Viper 16L/,1.25,Natural,Polyester
Polyfibre,Black Venom,16L (1.25),Black,Polyester
Prince,Vortex,16 (1.30),Natural,Polyester
Prince,Tour XP,17 (1.25),Natural,Polyester
Prince,Tour XR,15L (1.35),Natural,Polyester
Prince,Tour XT,18,Natural,Polyester
Prince,Tour XR,17 (1.25),Natural,Polyester
Prince,Tour XC,17L,Natural,Polyester
Prince,Tour XC,16L,Natural,Polyester
Prince,Tour XP,16,Natural,Polyester
Prince,Tour XR,16 (1.30),Natural,Polyester
Prince,Tour XC,15L,Natural,Polyester
Prince,Tour XS,16,Natural,Polyester
Prince,Tour XP,15L,Natural,Polyester
Prince,Tour XS,1.35,Natural,Polyester
Prince,Poly EXP,17,Natural,Polyester
Prince,Beast XP,16,Natural,Polyester
Prince,Twisted,16L,Natural,Polyester
Prince,Tour,17,Natural,Polyester
Prince,Poly Spin 3D,N/A,Natural,Polyester
Prince,Tour,16,Natural,Polyester
Prince,Tournament Poly,16,Natural,Polyester
Prince,Diablo Prism,17,Natural,Polyester
Prince,Tournament Poly,17,Natural,Polyester
RS,RS Lyon,17,Natural,Polyester
RS,RS Lyon,17L (1.20),Natural,Polyester
Signum Pro,Plasma HEXtreme,16 (1.30),Natural,Polyester
Signum Pro,Yellow Jacket,17g (1.22),Yellow,Polyester
Signum Pro,X-Perience,17 (1.24),Natural,Polyester
Signum Pro,Plasma HEXtreme 16L/,1.25,Natural,Polyester
Signum Pro,Tornado,18 (1.17),Natural,Polyester
Signum Pro,Hyperion,18 (1.18),Natural,Polyester
Signum Pro,Poly-Plasma Pure,16L,Natural,Polyester
Signum Pro,Firestorm,16 (1.30),Natural,Polyester
Signum Pro,Poly Plasma,17 (1.23),Natural,Polyester
Signum Pro,Poly-Plasma Pure,17 (1.23),Natural,Polyester
Signum Pro,Tornado,16,Natural,Polyester
Signum Pro,Poly-Plasma,17L (1.18),Natural,Polyester
Signum Pro,Poly Megaforce,17 (1.19),Natural,Polyester
Signum Pro,Firestorm,1.25,Natural,Polyester
Signum Pro,Tornado,17 (1.23),Natural,Polyester
Signum Pro,Poly-Plasma,16L,Natural,Polyester
Signum Pro,Hyperion,16,Natural,Polyester
Signum Pro,Poly Megaforce,16,Natural,Polyester
Signum Pro,Poly Speed Spin,1.28,Natural,Polyester
Signum Pro,Hyperion,17 (1.24),Natural,Polyester
Signum Pro,Poly-Plasma Pure,17L (1.18),Natural,Polyester
Solinco,Revolution,16L (1.25),Natural,Polyester
Solinco,Hyper-G,18 (1.15),Natural,Polyester
Solinco,Hyper-G 16 Round,-1.3,Natural,Polyester
Solinco,Tour Bite Soft,18 (1.15),Natural,Polyester
Solinco,Tour Bite,19 (1.10),Natural,Polyester
Solinco,Hyper-G,16,Natural,Polyester
Solinco,Tour Bite 16 Soft,N/A,Natural,Polyester
Solinco,Tour Bite,16,Natural,Polyester
Solinco,Outlast,18 (1.15),Natural,Polyester
Solinco,Revolution,17,Natural,Polyester
Solinco,Outlast,16L (1.25),Natural,Polyester
Solinco,Confidential,16 (1.30),Natural,Polyester
Solinco,Revolution,16,Natural,Polyester
Solinco,Revolution,18 (1.16),Natural,Polyester
Solinco,Tour Bite,17,Natural,Polyester
Solinco,Hyper-G,17 (1.20),Natural,Polyester
Solinco,Hyper-G,16L (1.25),Natural,Polyester
Solinco,Outlast,16,Natural,Polyester
Solinco,Mach 10,16 (1.30),Natural,Polyester
Solinco,Tour Bite,16L (1.25),Natural,Polyester
Solinco,Tour Bite,18 (1.15),Natural,Polyester
Solinco,Tour Bite Soft,16L (1.25),Natural,Polyester
Solinco,Tour Bite,20 (1.05),Natural,Polyester
Solinco,Tour Bite Soft,17 (1.20),Natural,Polyester
Solinco,Barb Wire,16L (1.25),Natural,Polyester
Solinco,Outlast,17,Natural,Polyester
Solinco,Tour Bite Diamond Rough,16L (1.25),Natural,Polyester
Solinco,Hyper-G-Soft,16L (1.25),Natural,Polyester
Solinco,Tour Bite,15L (1.35),Natural,Polyester
Solinco,Tour Bite Diamond Rough,16 (1.30),Natural,Polyester
Solinco,Barb Wire,17 (1.20),Natural,Polyester
Solinco,Barb Wire,16,Natural,Polyester
Solinco,Tour Bite Diamond Rough,17 (1.20),Natural,Polyester
Super,String Tour Players V3,17 (1.20),Natural,Polyester
SuperString,Viper V2 Rough,16L,Natural,Polyester
SuperString,Nikita Original,1.25,Natural,Polyester
SuperString,Nikita Soft,16L,Natural,Polyester
SuperString,Pure Control V8,17,Natural,Polyester
Tecnifibre,Black Code 4S,17 (1.25),Black,Polyester
Tecnifibre,Black Code 4S,16 (1.30),Black,Polyester
Tecnifibre,Razor Soft,17 (1.25),Natural,Polyester
Tecnifibre,Pro Red Code Wax,17,Red,Polyester
Tecnifibre,Razor Code,18 (1.20),Natural,Polyester
Tecnifibre,Black Code 4S,18 (1.20),Black,Polyester
Tecnifibre,Black Code,15L (1.32),Black,Polyester
Tecnifibre,Ice Code,16 (1.30),Natural,Polyester
Tecnifibre,Razor Code,17 (1.25),Natural,Polyester
Tecnifibre,Pro Red Code,18,Red,Polyester
Tecnifibre,Pro Red Code,16,Red,Polyester
Tecnifibre,Pro Red Code,17,Red,Polyester
Tecnifibre,Ruff Code,16 (1.30),Natural,Polyester
Tecnifibre,Black Code,18,Black,Polyester
Tecnifibre,Black Code,17,Black,Polyester
Tecnifibre,Razor Code,16 (1.30),Natural,Polyester
Tecnifibre,Polyspin,16L,Natural,Polyester
Tecnifibre,X-Code,16,Natural,Polyester
Tecnifibre,Ruff Code,17 (1.25),Natural,Polyester
Tecnifibre,Black Code,16,Black,Polyester
Topspin,Cyber Blue,16,Blue,Polyester
Topspin,Cyber Whirl,17 (1.24),Natural,Polyester
Topspin,Cyber Delta,17 (1.26),Natural,Polyester
Topspin,Cyber Blue,17L (1.20),Blue,Polyester
Topspin,Cyber Blue,17,Blue,Polyester
Topspin,Cyber Flash,16,Natural,Polyester
Topspin,Cyber Flash,17L,Natural,Polyester
Topspin,Cyber Flash,17,Natural,Polyester
Toroline,O-Toro,17 (1.23),Natural,Polyester
Toroline,O-Toro Spin,17 (1.23),Natural,Polyester
Toroline,O-Toro Tour,17 (1.23),Natural,Polyester
Tourna,Big HItter Silver,16,Silver,Polyester
Tourna,Big Hitter Black 7,17,Black,Polyester
Tourna,Black Zone,17,Black,Polyester
Tourna,Big HItter Black 7,16 (1.25),Black,Polyester
Tourna,Black Zone,16,Black,Polyester
Tourna,Big Hitter Silver,17,Silver,Polyester
Tourna,Big Hitter Blue,17,Blue,Polyester
Tourna,Big Hitter Silver Rough,16,Silver,Polyester
Tourna,Big Hitter Silver Rough,17,Silver,Polyester
Tourna,Big Hitter Blue Rough,16,Blue,Polyester
Tourna,Big Hitter Blue Rough,17,Blue,Polyester
Tourna,Big Hitter,16,Natural,Polyester
Tourna,Big Hitter Silver 7 Tour,16 (1.30),Silver,Polyester
Tourna,Big Hitter Blue,16,Blue,Polyester
Volkl,V-Square,16 (1.30),Natural,Polyester
Volkl,Cyclone,18L (1.15),Natural,Polyester
Volkl,Cyclone Tour,16 (1.30),Natural,Polyester
Volkl,V-Torque Tour,16 (1.30),Natural,Polyester
Volkl,Cyclone,19 (1.10),Natural,Polyester
Volkl,Cyclone Tour,18 (1.20),Natural,Polyester
Volkl,Cyclone,18,Natural,Polyester
Volkl,V-Star,16 (1.30),Natural,Polyester
Volkl,V-Star,18L (1.15),Natural,Polyester
Volkl,V-Star,19 (1.10),Natural,Polyester
Volkl,Cyclone,16,Natural,Polyester
Volkl,Cyclone Tour,17 (1.25),Natural,Polyester
Volkl,V-Torque,18 (1.18),Natural,Polyester
Volkl,Cyclone,17,Natural,Polyester
Volkl,V-Torque,16,Natural,Polyester
Volkl,V-Pro,17,Natural,Polyester
Volkl,V-Pro,16,Natural,Polyester
Volkl,V-Pro,18,Natural,Polyester
Volkl,V-Star,18 (1.20),Natural,Polyester
Weiss Cannon,Ultra Cable,17 (1.23),Natural,Polyester
Weiss Cannon,Blue Rock N Power,N/A,Blue,Polyester
Weiss Cannon,Red Ghost,17L (1.18),Red,Polyester
Weiss Cannon,Mosquito Bite,18 (1.16),Natural,Polyester
Weiss Cannon,Scorpion,16L (1.28),Natural,Polyester
Weiss Cannon,Turbotwist,17L (1.18),Natural,Polyester
Weiss Cannon,Black 5 Edge,17 (1.24),Black,Polyester
Weiss Cannon,Scorpion,1.33,Natural,Polyester
Weiss Cannon,Turbotwist,17 (1.24),Natural,Polyester
Weiss Cannon,Scorpion,1.22,Natural,Polyester
Weiss Cannon,Silverstring,1.25,Silver,Polyester
Weiss Cannon,Silverstring 1,20,Silver,Polyester
Weiss Cannon,MatchPower,1.25,Natural,Polyester
Wilson,Revolve,17 (1.25),Natural,Polyester
Wilson,Revolve,16 (1.30),Natural,Polyester
Wilson,Revolve,15 (1.35),Natural,Polyester
Wilson,Ripspin,16,Natural,Polyester
Wilson,Enduro Tour,16,Natural,Polyester
Wilson,Ripspin,17,Natural,Polyester
Wilson,Revolve Spin,16,Natural,Polyester
Wilson,Ripspin,15,Natural,Polyester
Wilson,Enduro Tour,17,Natural,Polyester
Wilson,Enduro Pro,16,Natural,Polyester
Wilson,Spin Cycle,16L,Natural,Polyester
Wilson,Enduro Gold,16,Natural,Polyester
Wilson,Enduro Tour,18,Natural,Polyester
Wilson,Enduro Mono,16L,Natural,Polyester
Y-Tex,Quadro Twist,16L,Natural,Polyester
Yonex,Poly Tour Drive,16L (1.25),Natural,Polyester
Yonex,Polytour Rev,16L (1.25),Natural,Polyester
Yonex,Poly Tour Spin,16L (1.25),Natural,Polyester
Yonex,Poly Tour Fire,16L (1.25),Natural,Polyester
Yonex,Poly Tour HS,16L (1.25),Natural,Polyester
Yonex,Poly Tour Tough,16L,Natural,Polyester
Yonex,Poly Tour Pro,17 (1.20),Natural,Polyester
Yonex,Poly Tour HS,16 (1.30),Natural,Polyester
Yonex,Poly Tour Spin G,1.25,Natural,Polyester
Yonex,Poly Tour Strike,16L (1.25),Natural,Polyester
Yonex,Poly Tour Air,16L,Natural,Polyester
Yonex,Poly Tour Pro Yellow,16 (1.30),Yellow,Polyester
Yonex,PolyTour REV,16 (1.30),Natural,Polyester
Yonex,Poly Tour Pro Yellow,16L (1.25),Yellow,Polyester
Yonex,Poly Tour 130/,16,Natural,Polyester